{
  "run_id": "2025-10-30_06-05-20_PPE",
  "mAP50": 0.5479241469062165,
  "mAP5095": 0.2747828679299833,
  "precision": 0.5819679933828449,
  "recall": 0.5224128425607765
}